,0
0,"Yassin van Formbach-Hexspoor 1982-10-24 12:00:57
Brendanlei 22
6089
Flamierge
F 1987-09-20 08:45:26
Nostrum deleniti veniam r
Non nemo sapiente. Cupidi
9067 Hofman-Evers, Feline 223
7871 Bègue, Alphonse-Édouard 3 print 1982-10-24 12:00:57"
1,"Véronique Bernier 1965-05-27 09:50:07
Ambersingel 702
9802 Burcht
F 1991-10-09 19:16:55
A deleniti tempore neque 
Recusandae maiores sit na
2741 Bastiaanse, Nathan 996
6040 Maillot, Alexandrie 8 print 1965-05-27 09:50:07"
2,"Noah le Gallen-Zijlemans 1962-12-12 23:28:42
Amandapad 360
7902 Rivière
M 1986-02-26 08:45:34
Deserunt vitae facilis ve
Saepe provident fuga labo
6731 Delannoy-Didier, Josette 2
4084 Hermans, Dylan 5 print 1962-12-12 23:28:42"
3,"Madelief Wolffel 1945-04-22 22:42:41
Lisalaan 671
9395 Wulpen
M 1956-12-31 15:35:21
Quod rem tenetur quidem e
Autem at magni facilis la
4911 de Boer, Hugo 351
755 Lacroix-Martel, Emmanuelle 1 print 1945-04-22 22:42:41"
4,"Fenna Moenen 2019-08-06 18:56:22
Tammyring 177
8496
Kozen
M 1966-05-23 09:52:03
Error id eum. Quidem natu
Et commodi vero vitae eiu
9695 Julien, Pauline 917
3634 Kuit, Rayan 4 print 2019-08-06 18:56:22"
5,"Laura Koret-van Laar 1997-08-07 17:22:45
Matthewlaan 4
4093 Horebeke
M 1966-10-06 01:37:58
Quod consequuntur dolorem
Nulla voluptate voluptate
2817 Teixeira, Alix-Anaïs 411
8820 Hendricks, Jill 7 print 1997-08-07 17:22:45"
6,"Dominique Guillet 1990-03-25 02:33:46
Barbarahof 73
5938 Brugge
F 1965-08-27 14:15:12
Nostrum debitis similique
Ipsam iste atque autem et
8557 Blom, Pien 923
5415 Lage, Nora 9 print 1990-03-25 02:33:46"
7,"Kaylee Perkins 1991-03-19 09:33:45
Sabrinabaan 7
4234
Wange
M 1935-11-28 02:19:17
Pariatur aliquam exceptur
Expedita qui dolores ad. 
4661 Mercier, Patrick 59
9989 Bernier de Paul, Guillaume 8 print 1991-03-19 09:33:45"
8,"Honoré Renault 1996-02-18 15:01:06
Makaylalei 342
1006 Boussu
M 2018-05-13 01:06:43
Deleniti et quaerat susci
Eius repudiandae maiores 
2020 Lacombe, Nathalie-Élisabeth 861
3333 Gomes, Arthur 6 print 1996-02-18 15:01:06"
9,"Claire Traore 2000-05-26 11:26:33
Christopherpad 8
2336 Leffinge
F 2008-09-28 01:30:19
Corrupti nesciunt natus o
Dolores ea error labore h
940 Kamp-van Klaarwater, Emily 353
2729 van Wickerode, Karlijn 9 print 2000-05-26 11:26:33"
10,"Sterre Heijmen 1999-12-24 10:36:46
Judithpad 02
8459 Martenslinde
F 1965-03-25 21:21:03
Officia eos officiis quo 
Dignissimos minima quasi 
3196 Jurrijens-Rek, Nienke 272
1331 Benard, René-Timothée 6 print 1999-12-24 10:36:46"
11,"Sam de Boer 1957-11-01 18:19:07
Angelapad 0
2813
Saint-Nicolas
F 1955-09-15 20:25:33
Adipisci officia quod odi
Illo libero a illum. Temp
3571 Briand du Gimenez, Marianne 472
7592 du Guyon, Aimé 8 print 1957-11-01 18:19:07"
12,"Nicolas Perez 1990-03-08 19:06:52
Juliadreef 345
4128
Beyne-Heusay
M 1989-02-09 03:01:38
Perspiciatis praesentium 
Perferendis delectus quae
5644 Neuteboom, Dylan 313
8973 Nijman-van Noordeloos, Vajèn 4 print 1990-03-08 19:06:52"
13,"Thomas-Louis Auger 1950-05-19 22:39:59
Zacharyboulevard 8
6373 Pepinster
M 1981-11-04 19:10:23
Sunt iusto doloribus ulla
Ipsum tempora voluptatum 
9571 Pratt, Alicia 370
7727 Molegraaf, Linde 3 print 1950-05-19 22:39:59"
14,"Ryan Hermans-van Hostaden 1965-10-05 22:23:32
Marylei 63
8256 Bevere
F 1962-07-01 12:04:14
Mollitia eaque eaque magn
Repudiandae sequi esse vo
2863 Moreno, Christophe 164
8949 Totwiller, Lily 2 print 1965-10-05 22:23:32"
15,"Roger-Raymond Monnier 2003-12-30 11:55:18
Tylerdreef 06
6803
Ramegnies-Chin
F 1946-11-30 15:58:56
Illum consequuntur quae e
Suscipit provident libero
2701 van Drenthe, Lara 142
5754 Meeres, Tristan 9 print 2003-12-30 11:55:18"
16,"Quinty Hagendoorn 1964-03-14 16:59:58
Lisaweg 1
2950 Amay
F 1988-12-05 07:10:36
Illum voluptatibus libero
Dicta dicta excepturi aut
1453 Texier, Patrick 506
5691 Mathieu-Jacques, Étienne 9 print 1964-03-14 16:59:58"
17,"Juliette Tessier 1952-01-20 08:07:54
Kimbaan 3
1917 Pousset
F 2003-10-19 06:19:37
Nulla dolorum tempora con
Quia possimus quaerat rep
7448 Texier, François-Lucas 788
2181 De Sousa, Jeanne 9 print 1952-01-20 08:07:54"
18,"Tristan-Guillaume Guichard 2008-10-16 20:50:59
Jamespad 78
8512 Dolembreux
F 1972-06-17 08:34:21
Ipsum beatae quis incidun
Illum voluptatem nihil iu
2902 de Grote, Jason 60
7280 van Alenburg-Blewanus, Rosa 3 print 2008-10-16 20:50:59"
19,"Christiane Roussel-Bonnet 1930-06-24 06:22:53
Calvinboulevard 053
1538
Schoonaarde
M 2015-09-04 08:09:57
Ad dolor sequi aliquam. Q
Laudantium vitae eveniet 
4139 Aarts, Ella 218
8934 Koret, Roos 2 print 1930-06-24 06:22:53"
